{
	"BUILD_DIR" : "C:/Users/marti/Documents/2EAIA_2021-2022/Git/Network_Programming_2022/build-NP-Desktop_Qt_6_1_3_MinGW_64_bit-Debug/NP_autogen",
	"CMAKE_BINARY_DIR" : "C:/Users/marti/Documents/2EAIA_2021-2022/Git/Network_Programming_2022/build-NP-Desktop_Qt_6_1_3_MinGW_64_bit-Debug",
	"CMAKE_CURRENT_BINARY_DIR" : "C:/Users/marti/Documents/2EAIA_2021-2022/Git/Network_Programming_2022/build-NP-Desktop_Qt_6_1_3_MinGW_64_bit-Debug",
	"CMAKE_CURRENT_SOURCE_DIR" : "C:/Users/marti/Documents/2EAIA_2021-2022/Git/Network_Programming_2022/NP",
	"CMAKE_EXECUTABLE" : "C:/Qt/Tools/CMake_64/bin/cmake.exe",
	"CMAKE_LIST_FILES" : 
	[
		"C:/Users/marti/Documents/2EAIA_2021-2022/Git/Network_Programming_2022/NP/CMakeLists.txt",
		"C:/Qt/Tools/QtCreator/share/qtcreator/package-manager/auto-setup.cmake",
		"C:/Users/marti/Documents/2EAIA_2021-2022/Git/Network_Programming_2022/build-NP-Desktop_Qt_6_1_3_MinGW_64_bit-Debug/CMakeFiles/3.21.1/CMakeSystem.cmake",
		"C:/Qt/Tools/CMake_64/share/cmake-3.21/Modules/CMakeSystemSpecificInitialize.cmake",
		"C:/Users/marti/Documents/2EAIA_2021-2022/Git/Network_Programming_2022/build-NP-Desktop_Qt_6_1_3_MinGW_64_bit-Debug/CMakeFiles/3.21.1/CMakeCXXCompiler.cmake",
		"C:/Qt/Tools/CMake_64/share/cmake-3.21/Modules/CMakeSystemSpecificInformation.cmake",
		"C:/Qt/Tools/CMake_64/share/cmake-3.21/Modules/CMakeGenericSystem.cmake",
		"C:/Qt/Tools/CMake_64/share/cmake-3.21/Modules/CMakeInitializeConfigs.cmake",
		"C:/Qt/Tools/CMake_64/share/cmake-3.21/Modules/Platform/Windows.cmake",
		"C:/Qt/Tools/CMake_64/share/cmake-3.21/Modules/Platform/WindowsPaths.cmake",
		"C:/Qt/Tools/CMake_64/share/cmake-3.21/Modules/CMakeCXXInformation.cmake",
		"C:/Qt/Tools/CMake_64/share/cmake-3.21/Modules/CMakeLanguageInformation.cmake",
		"C:/Qt/Tools/CMake_64/share/cmake-3.21/Modules/Compiler/GNU-CXX.cmake",
		"C:/Qt/Tools/CMake_64/share/cmake-3.21/Modules/Compiler/GNU.cmake",
		"C:/Qt/Tools/CMake_64/share/cmake-3.21/Modules/Compiler/CMakeCommonCompilerMacros.cmake",
		"C:/Qt/Tools/CMake_64/share/cmake-3.21/Modules/Platform/Windows-GNU-CXX.cmake",
		"C:/Qt/Tools/CMake_64/share/cmake-3.21/Modules/Platform/Windows-GNU.cmake",
		"C:/Users/marti/Documents/2EAIA_2021-2022/Git/Network_Programming_2022/build-NP-Desktop_Qt_6_1_3_MinGW_64_bit-Debug/CMakeFiles/3.21.1/CMakeRCCompiler.cmake",
		"C:/Qt/Tools/CMake_64/share/cmake-3.21/Modules/CMakeRCInformation.cmake",
		"C:/Qt/Tools/CMake_64/share/cmake-3.21/Modules/Platform/Windows-windres.cmake",
		"C:/Qt/Tools/CMake_64/share/cmake-3.21/Modules/Platform/Windows-GNU-CXX-ABI.cmake",
		"C:/Qt/Tools/CMake_64/share/cmake-3.21/Modules/CMakeCommonLanguageInclude.cmake",
		"C:/Qt/6.1.3/mingw81_64/lib/cmake/Qt6/Qt6ConfigVersion.cmake",
		"C:/Qt/6.1.3/mingw81_64/lib/cmake/Qt6/Qt6Config.cmake",
		"C:/Qt/6.1.3/mingw81_64/lib/cmake/Qt6/Qt6Targets.cmake",
		"C:/Qt/6.1.3/mingw81_64/lib/cmake/Qt6/Qt6VersionlessTargets.cmake",
		"C:/Qt/Tools/CMake_64/share/cmake-3.21/Modules/CMakeFindDependencyMacro.cmake",
		"C:/Qt/6.1.3/mingw81_64/lib/cmake/Qt6/Qt6Dependencies.cmake",
		"C:/Qt/Tools/CMake_64/share/cmake-3.21/Modules/FindThreads.cmake",
		"C:/Qt/Tools/CMake_64/share/cmake-3.21/Modules/CheckLibraryExists.cmake",
		"C:/Qt/Tools/CMake_64/share/cmake-3.21/Modules/CheckIncludeFileCXX.cmake",
		"C:/Qt/Tools/CMake_64/share/cmake-3.21/Modules/CheckCXXSourceCompiles.cmake",
		"C:/Qt/Tools/CMake_64/share/cmake-3.21/Modules/Internal/CheckSourceCompiles.cmake",
		"C:/Qt/Tools/CMake_64/share/cmake-3.21/Modules/FindPackageHandleStandardArgs.cmake",
		"C:/Qt/Tools/CMake_64/share/cmake-3.21/Modules/FindPackageMessage.cmake",
		"C:/Qt/6.1.3/mingw81_64/lib/cmake/Qt6/Qt6ConfigVersion.cmake",
		"C:/Qt/6.1.3/mingw81_64/lib/cmake/Qt6/Qt6Config.cmake",
		"C:/Qt/6.1.3/mingw81_64/lib/cmake/Qt6/Qt6Targets.cmake",
		"C:/Qt/6.1.3/mingw81_64/lib/cmake/Qt6/Qt6VersionlessTargets.cmake",
		"C:/Qt/Tools/CMake_64/share/cmake-3.21/Modules/CMakeFindDependencyMacro.cmake",
		"C:/Qt/6.1.3/mingw81_64/lib/cmake/Qt6/Qt6Dependencies.cmake",
		"C:/Qt/Tools/CMake_64/share/cmake-3.21/Modules/FindThreads.cmake",
		"C:/Qt/Tools/CMake_64/share/cmake-3.21/Modules/CheckLibraryExists.cmake",
		"C:/Qt/Tools/CMake_64/share/cmake-3.21/Modules/CheckIncludeFileCXX.cmake",
		"C:/Qt/Tools/CMake_64/share/cmake-3.21/Modules/CheckCXXSourceCompiles.cmake",
		"C:/Qt/Tools/CMake_64/share/cmake-3.21/Modules/FindPackageHandleStandardArgs.cmake",
		"C:/Qt/Tools/CMake_64/share/cmake-3.21/Modules/FindPackageMessage.cmake",
		"C:/Qt/6.1.3/mingw81_64/lib/cmake/Qt6Core/Qt6CoreConfigVersion.cmake",
		"C:/Qt/6.1.3/mingw81_64/lib/cmake/Qt6Core/Qt6CoreConfig.cmake",
		"C:/Qt/Tools/CMake_64/share/cmake-3.21/Modules/CMakeFindDependencyMacro.cmake",
		"C:/Qt/6.1.3/mingw81_64/lib/cmake/Qt6Core/Qt6CoreDependencies.cmake",
		"C:/Qt/6.1.3/mingw81_64/lib/cmake/Qt6/Qt6ConfigVersion.cmake",
		"C:/Qt/6.1.3/mingw81_64/lib/cmake/Qt6/Qt6Config.cmake",
		"C:/Qt/6.1.3/mingw81_64/lib/cmake/Qt6/Qt6Targets.cmake",
		"C:/Qt/6.1.3/mingw81_64/lib/cmake/Qt6/Qt6VersionlessTargets.cmake",
		"C:/Qt/Tools/CMake_64/share/cmake-3.21/Modules/CMakeFindDependencyMacro.cmake",
		"C:/Qt/6.1.3/mingw81_64/lib/cmake/Qt6/Qt6Dependencies.cmake",
		"C:/Qt/Tools/CMake_64/share/cmake-3.21/Modules/FindThreads.cmake",
		"C:/Qt/Tools/CMake_64/share/cmake-3.21/Modules/CheckLibraryExists.cmake",
		"C:/Qt/Tools/CMake_64/share/cmake-3.21/Modules/CheckIncludeFileCXX.cmake",
		"C:/Qt/Tools/CMake_64/share/cmake-3.21/Modules/CheckCXXSourceCompiles.cmake",
		"C:/Qt/Tools/CMake_64/share/cmake-3.21/Modules/FindPackageHandleStandardArgs.cmake",
		"C:/Qt/Tools/CMake_64/share/cmake-3.21/Modules/FindPackageMessage.cmake",
		"C:/Qt/6.1.3/mingw81_64/lib/cmake/Qt6/FindWrapAtomic.cmake",
		"C:/Qt/Tools/CMake_64/share/cmake-3.21/Modules/CheckCXXSourceCompiles.cmake",
		"C:/Qt/Tools/CMake_64/share/cmake-3.21/Modules/FindPackageHandleStandardArgs.cmake",
		"C:/Qt/Tools/CMake_64/share/cmake-3.21/Modules/FindPackageMessage.cmake",
		"C:/Qt/6.1.3/mingw81_64/lib/cmake/Qt6CoreTools/Qt6CoreToolsConfigVersion.cmake",
		"C:/Qt/6.1.3/mingw81_64/lib/cmake/Qt6CoreTools/Qt6CoreToolsConfig.cmake",
		"C:/Qt/Tools/CMake_64/share/cmake-3.21/Modules/CMakeFindDependencyMacro.cmake",
		"C:/Qt/6.1.3/mingw81_64/lib/cmake/Qt6CoreTools/Qt6CoreToolsDependencies.cmake",
		"C:/Qt/6.1.3/mingw81_64/lib/cmake/Qt6CoreTools/Qt6CoreToolsTargets.cmake",
		"C:/Qt/6.1.3/mingw81_64/lib/cmake/Qt6CoreTools/Qt6CoreToolsTargets-relwithdebinfo.cmake",
		"C:/Qt/6.1.3/mingw81_64/lib/cmake/Qt6CoreTools/Qt6CoreToolsAdditionalTargetInfo.cmake",
		"C:/Qt/6.1.3/mingw81_64/lib/cmake/Qt6CoreTools/Qt6CoreToolsVersionlessTargets.cmake",
		"C:/Qt/6.1.3/mingw81_64/lib/cmake/Qt6EntryPoint/Qt6EntryPointConfigVersion.cmake",
		"C:/Qt/6.1.3/mingw81_64/lib/cmake/Qt6EntryPoint/Qt6EntryPointConfig.cmake",
		"C:/Qt/Tools/CMake_64/share/cmake-3.21/Modules/CMakeFindDependencyMacro.cmake",
		"C:/Qt/6.1.3/mingw81_64/lib/cmake/Qt6EntryPoint/Qt6EntryPointTargets.cmake",
		"C:/Qt/6.1.3/mingw81_64/lib/cmake/Qt6EntryPoint/Qt6EntryPointTargets-relwithdebinfo.cmake",
		"C:/Qt/6.1.3/mingw81_64/lib/cmake/Qt6EntryPoint/Qt6EntryPointAdditionalTargetInfo.cmake",
		"C:/Qt/6.1.3/mingw81_64/lib/cmake/Qt6EntryPoint/Qt6EntryPointVersionlessTargets.cmake",
		"C:/Qt/6.1.3/mingw81_64/lib/cmake/Qt6/QtFeature.cmake",
		"C:/Qt/6.1.3/mingw81_64/lib/cmake/Qt6/QtFeatureCommon.cmake",
		"C:/Qt/Tools/CMake_64/share/cmake-3.21/Modules/CheckCXXCompilerFlag.cmake",
		"C:/Qt/Tools/CMake_64/share/cmake-3.21/Modules/CheckCXXSourceCompiles.cmake",
		"C:/Qt/Tools/CMake_64/share/cmake-3.21/Modules/Internal/CheckCompilerFlag.cmake",
		"C:/Qt/Tools/CMake_64/share/cmake-3.21/Modules/Internal/CheckSourceCompiles.cmake",
		"C:/Qt/Tools/CMake_64/share/cmake-3.21/Modules/CMakeCheckCompilerFlagCommonPatterns.cmake",
		"C:/Qt/6.1.3/mingw81_64/lib/cmake/Qt6Core/Qt6CoreTargets.cmake",
		"C:/Qt/6.1.3/mingw81_64/lib/cmake/Qt6Core/Qt6CoreTargets-relwithdebinfo.cmake",
		"C:/Qt/6.1.3/mingw81_64/lib/cmake/Qt6Core/Qt6CoreAdditionalTargetInfo.cmake",
		"C:/Qt/6.1.3/mingw81_64/lib/cmake/Qt6Core/Qt6CoreVersionlessTargets.cmake",
		"C:/Qt/6.1.3/mingw81_64/lib/cmake/Qt6Core/Qt6CoreMacros.cmake",
		"C:/Qt/Tools/CMake_64/share/cmake-3.21/Modules/CMakeParseArguments.cmake",
		"C:/Qt/6.1.3/mingw81_64/lib/cmake/Qt6Core/Qt6CoreConfigExtras.cmake",
		"C:/Qt/6.1.3/mingw81_64/lib/cmake/Qt6/QtFeature.cmake",
		"C:/Qt/6.1.3/mingw81_64/lib/cmake/Qt6/QtFeatureCommon.cmake",
		"C:/Qt/Tools/CMake_64/share/cmake-3.21/Modules/CheckCXXCompilerFlag.cmake",
		"C:/Qt/6.1.3/mingw81_64/lib/cmake/Qt6/Qt6ConfigVersion.cmake",
		"C:/Qt/6.1.3/mingw81_64/lib/cmake/Qt6/Qt6Config.cmake",
		"C:/Qt/6.1.3/mingw81_64/lib/cmake/Qt6/Qt6Targets.cmake",
		"C:/Qt/6.1.3/mingw81_64/lib/cmake/Qt6/Qt6VersionlessTargets.cmake",
		"C:/Qt/Tools/CMake_64/share/cmake-3.21/Modules/CMakeFindDependencyMacro.cmake",
		"C:/Qt/6.1.3/mingw81_64/lib/cmake/Qt6/Qt6Dependencies.cmake",
		"C:/Qt/Tools/CMake_64/share/cmake-3.21/Modules/FindThreads.cmake",
		"C:/Qt/Tools/CMake_64/share/cmake-3.21/Modules/CheckLibraryExists.cmake",
		"C:/Qt/Tools/CMake_64/share/cmake-3.21/Modules/CheckIncludeFileCXX.cmake",
		"C:/Qt/Tools/CMake_64/share/cmake-3.21/Modules/CheckCXXSourceCompiles.cmake",
		"C:/Qt/Tools/CMake_64/share/cmake-3.21/Modules/FindPackageHandleStandardArgs.cmake",
		"C:/Qt/Tools/CMake_64/share/cmake-3.21/Modules/FindPackageMessage.cmake",
		"C:/Qt/6.1.3/mingw81_64/lib/cmake/Qt6Concurrent/Qt6ConcurrentConfigVersion.cmake",
		"C:/Qt/6.1.3/mingw81_64/lib/cmake/Qt6Concurrent/Qt6ConcurrentConfig.cmake",
		"C:/Qt/Tools/CMake_64/share/cmake-3.21/Modules/CMakeFindDependencyMacro.cmake",
		"C:/Qt/6.1.3/mingw81_64/lib/cmake/Qt6Concurrent/Qt6ConcurrentDependencies.cmake",
		"C:/Qt/6.1.3/mingw81_64/lib/cmake/Qt6/Qt6ConfigVersion.cmake",
		"C:/Qt/6.1.3/mingw81_64/lib/cmake/Qt6/Qt6Config.cmake",
		"C:/Qt/6.1.3/mingw81_64/lib/cmake/Qt6/Qt6Targets.cmake",
		"C:/Qt/6.1.3/mingw81_64/lib/cmake/Qt6/Qt6VersionlessTargets.cmake",
		"C:/Qt/Tools/CMake_64/share/cmake-3.21/Modules/CMakeFindDependencyMacro.cmake",
		"C:/Qt/6.1.3/mingw81_64/lib/cmake/Qt6/Qt6Dependencies.cmake",
		"C:/Qt/Tools/CMake_64/share/cmake-3.21/Modules/FindThreads.cmake",
		"C:/Qt/Tools/CMake_64/share/cmake-3.21/Modules/CheckLibraryExists.cmake",
		"C:/Qt/Tools/CMake_64/share/cmake-3.21/Modules/CheckIncludeFileCXX.cmake",
		"C:/Qt/Tools/CMake_64/share/cmake-3.21/Modules/CheckCXXSourceCompiles.cmake",
		"C:/Qt/Tools/CMake_64/share/cmake-3.21/Modules/FindPackageHandleStandardArgs.cmake",
		"C:/Qt/Tools/CMake_64/share/cmake-3.21/Modules/FindPackageMessage.cmake",
		"C:/Qt/6.1.3/mingw81_64/lib/cmake/Qt6Concurrent/Qt6ConcurrentTargets.cmake",
		"C:/Qt/6.1.3/mingw81_64/lib/cmake/Qt6Concurrent/Qt6ConcurrentTargets-relwithdebinfo.cmake",
		"C:/Qt/6.1.3/mingw81_64/lib/cmake/Qt6Concurrent/Qt6ConcurrentAdditionalTargetInfo.cmake",
		"C:/Qt/6.1.3/mingw81_64/lib/cmake/Qt6Concurrent/Qt6ConcurrentVersionlessTargets.cmake",
		"C:/Qt/6.1.3/mingw81_64/lib/cmake/Qt6/QtFeature.cmake",
		"C:/Qt/6.1.3/mingw81_64/lib/cmake/Qt6/QtFeatureCommon.cmake",
		"C:/Qt/Tools/CMake_64/share/cmake-3.21/Modules/CheckCXXCompilerFlag.cmake"
	],
	"CMAKE_SOURCE_DIR" : "C:/Users/marti/Documents/2EAIA_2021-2022/Git/Network_Programming_2022/NP",
	"DEP_FILE" : "C:/Users/marti/Documents/2EAIA_2021-2022/Git/Network_Programming_2022/build-NP-Desktop_Qt_6_1_3_MinGW_64_bit-Debug/NP_autogen/deps",
	"DEP_FILE_RULE_NAME" : "NP_autogen/timestamp",
	"HEADERS" : 
	[
		[
			"C:/Users/marti/Documents/2EAIA_2021-2022/Git/Network_Programming_2022/NP/Sources/battleship/Board.hpp",
			"MU",
			"5M5XHRT345/moc_Board.cpp",
			null
		],
		[
			"C:/Users/marti/Documents/2EAIA_2021-2022/Git/Network_Programming_2022/NP/Sources/battleship/Constants.hpp",
			"MU",
			"5M5XHRT345/moc_Constants.cpp",
			null
		],
		[
			"C:/Users/marti/Documents/2EAIA_2021-2022/Git/Network_Programming_2022/NP/Sources/battleship/Player.hpp",
			"MU",
			"5M5XHRT345/moc_Player.cpp",
			null
		],
		[
			"C:/Users/marti/Documents/2EAIA_2021-2022/Git/Network_Programming_2022/NP/Sources/battleship/Ship.hpp",
			"MU",
			"5M5XHRT345/moc_Ship.cpp",
			null
		],
		[
			"C:/Users/marti/Documents/2EAIA_2021-2022/Git/Network_Programming_2022/NP/Sources/server.h",
			"MU",
			"ZMID6KYQSC/moc_server.cpp",
			null
		],
		[
			"C:/Users/marti/Documents/2EAIA_2021-2022/Git/Network_Programming_2022/NP/Sources/service.h",
			"MU",
			"ZMID6KYQSC/moc_service.cpp",
			null
		]
	],
	"HEADER_EXTENSIONS" : [ "h", "hh", "h++", "hm", "hpp", "hxx", "in", "txx" ],
	"INCLUDE_DIR" : "C:/Users/marti/Documents/2EAIA_2021-2022/Git/Network_Programming_2022/build-NP-Desktop_Qt_6_1_3_MinGW_64_bit-Debug/NP_autogen/include",
	"MOC_COMPILATION_FILE" : "C:/Users/marti/Documents/2EAIA_2021-2022/Git/Network_Programming_2022/build-NP-Desktop_Qt_6_1_3_MinGW_64_bit-Debug/NP_autogen/mocs_compilation.cpp",
	"MOC_DEFINITIONS" : 
	[
		"MINGW_HAS_SECURE_API=1",
		"QT_CONCURRENT_LIB",
		"QT_CORE_LIB",
		"UNICODE",
		"WIN32",
		"WIN64",
		"ZMQ_STATIC",
		"_ENABLE_EXTENDED_ALIGNED_STORAGE",
		"_UNICODE",
		"_WIN32_WINNT=0x0601",
		"_WIN64"
	],
	"MOC_DEPEND_FILTERS" : 
	[
		[
			"Q_PLUGIN_METADATA",
			"[\n][ \t]*Q_PLUGIN_METADATA[ \t]*\\([^\\)]*FILE[ \t]*\"([^\"]+)\""
		]
	],
	"MOC_INCLUDES" : 
	[
		"C:/Users/marti/Documents/2EAIA_2021-2022/Git/Network_Programming_2022/build-NP-Desktop_Qt_6_1_3_MinGW_64_bit-Debug",
		"C:/Users/marti/Documents/2EAIA_2021-2022/Git/Network_Programming_2022/NP",
		"C:/Users/marti/Documents/2EAIA_2021-2022/Git/Network_Programming_2022/NP/Sources",
		"C:/Users/marti/Documents/2EAIA_2021-2022/Git/Network_Programming_2022/NP/Sources/ZeroMQ/include",
		"C:/Qt/6.1.3/mingw81_64/include/QtCore",
		"C:/Qt/6.1.3/mingw81_64/include",
		"C:/Qt/6.1.3/mingw81_64/mkspecs/win32-g++",
		"C:/Qt/6.1.3/mingw81_64/include/QtConcurrent",
		"C:/Qt/Tools/mingw810_64/lib/gcc/x86_64-w64-mingw32/8.1.0/include/c++",
		"C:/Qt/Tools/mingw810_64/lib/gcc/x86_64-w64-mingw32/8.1.0/include/c++/x86_64-w64-mingw32",
		"C:/Qt/Tools/mingw810_64/lib/gcc/x86_64-w64-mingw32/8.1.0/include/c++/backward",
		"C:/Qt/Tools/mingw810_64/lib/gcc/x86_64-w64-mingw32/8.1.0/include",
		"C:/Qt/Tools/mingw810_64/lib/gcc/x86_64-w64-mingw32/8.1.0/include-fixed",
		"C:/Qt/Tools/mingw810_64/x86_64-w64-mingw32/include"
	],
	"MOC_MACRO_NAMES" : [ "Q_OBJECT", "Q_GADGET", "Q_NAMESPACE", "Q_NAMESPACE_EXPORT" ],
	"MOC_OPTIONS" : [],
	"MOC_PATH_PREFIX" : false,
	"MOC_PREDEFS_CMD" : 
	[
		"C:/Qt/Tools/mingw810_64/bin/g++.exe",
		"-dM",
		"-E",
		"-c",
		"C:/Qt/Tools/CMake_64/share/cmake-3.21/Modules/CMakeCXXCompilerABI.cpp"
	],
	"MOC_PREDEFS_FILE" : "C:/Users/marti/Documents/2EAIA_2021-2022/Git/Network_Programming_2022/build-NP-Desktop_Qt_6_1_3_MinGW_64_bit-Debug/NP_autogen/moc_predefs.h",
	"MOC_RELAXED_MODE" : false,
	"MOC_SKIP" : [],
	"MULTI_CONFIG" : false,
	"PARALLEL" : 4,
	"PARSE_CACHE_FILE" : "C:/Users/marti/Documents/2EAIA_2021-2022/Git/Network_Programming_2022/build-NP-Desktop_Qt_6_1_3_MinGW_64_bit-Debug/CMakeFiles/NP_autogen.dir/ParseCache.txt",
	"QT_MOC_EXECUTABLE" : "C:/Qt/6.1.3/mingw81_64/./bin/moc.exe",
	"QT_UIC_EXECUTABLE" : "",
	"QT_VERSION_MAJOR" : 6,
	"QT_VERSION_MINOR" : 1,
	"SETTINGS_FILE" : "C:/Users/marti/Documents/2EAIA_2021-2022/Git/Network_Programming_2022/build-NP-Desktop_Qt_6_1_3_MinGW_64_bit-Debug/CMakeFiles/NP_autogen.dir/AutogenUsed.txt",
	"SOURCES" : 
	[
		[
			"C:/Users/marti/Documents/2EAIA_2021-2022/Git/Network_Programming_2022/NP/Sources/battleship/Board.cpp",
			"MU",
			null
		],
		[
			"C:/Users/marti/Documents/2EAIA_2021-2022/Git/Network_Programming_2022/NP/Sources/battleship/Player.cpp",
			"MU",
			null
		],
		[
			"C:/Users/marti/Documents/2EAIA_2021-2022/Git/Network_Programming_2022/NP/Sources/battleship/Ship.cpp",
			"MU",
			null
		],
		[
			"C:/Users/marti/Documents/2EAIA_2021-2022/Git/Network_Programming_2022/NP/Sources/main.cpp",
			"MU",
			null
		],
		[
			"C:/Users/marti/Documents/2EAIA_2021-2022/Git/Network_Programming_2022/NP/Sources/server.cpp",
			"MU",
			null
		],
		[
			"C:/Users/marti/Documents/2EAIA_2021-2022/Git/Network_Programming_2022/NP/Sources/service.cpp",
			"MU",
			null
		]
	],
	"UIC_OPTIONS" : [],
	"UIC_SEARCH_PATHS" : [],
	"UIC_SKIP" : [],
	"UIC_UI_FILES" : [],
	"VERBOSITY" : 0
}
